user_prompt,system_reply,state,new_state
I want to buy a smartwatch. What features should I consider?,"When buying a smartwatch, consider factors like compatibility with your smartphone, fitness tracking capabilities, battery life, and design. Let me suggest some smartwatch models.",product_recommendation,waiting_for_request
How can I increase the Wi-Fi signal strength in my home?,"To boost Wi-Fi signal strength, consider positioning your router in a central location, using range extenders, and optimizing router settings. I can guide you through the process.",network_optimization,waiting_for_request
Can you recommend a smartphone for photography enthusiasts?,"For photography enthusiasts, choose smartphones with advanced camera features, like multiple lenses and manual controls. Let me suggest some photography-focused smartphones.",product_recommendation,product_recommendation
Tell me about the benefits of using a password manager for online security,"Password managers enhance online security by generating and storing strong, unique passwords for each of your accounts. They make it easier to manage and protect your online identities.",security_features,waiting_for_request
I'm looking for a laptop for general use. Any recommendations?,"For general use, consider laptops with a balance of performance, portability, and battery life. Let me suggest some general-purpose laptop models.",product_recommendation,product_recommendation
How can I set up a virtual private network (VPN) on my devices?,"To set up a VPN, install a VPN app, connect to a server, and configure your preferences. I can guide you through the VPN setup process.",vpn_setup,waiting_for_request
I want to buy a tablet for note-taking. Any recommendations?,"For note-taking, you'll want a tablet with stylus support and note-taking apps. Let me suggest some tablets suitable for note-takers.",product_recommendation,product_recommendation
What's the difference between SSD and HDD storage?,"SSD storage provides faster data access and is more durable than HDD storage, which relies on spinning disks. Consider SSD for speed and reliability.",product_comparison,waiting_for_request
I need a laptop for business presentations. Any recommendations?,"For business presentations, choose a laptop with a good display, lightweight design, and connectivity options. Let me suggest some laptops suitable for business use.",product_recommendation,product_recommendation
How can I troubleshoot a non-responsive touchscreen on my smartphone?,"To troubleshoot a non-responsive touchscreen, clean the screen, restart the device, and update software. I can guide you through the troubleshooting steps.",touchscreen_troubleshooting,waiting_for_request
Can you recommend a gaming monitor with high refresh rates?,"For high-refresh-rate gaming, choose monitors with refresh rates of 120Hz or more. Let me suggest some gaming monitors with high refresh rates.",product_recommendation,product_recommendation
I'm interested in smart lighting for my home. Where should I start?,"To start with smart lighting, begin with smart bulbs or switches. You can expand your smart lighting system as needed. Let me suggest some smart lighting products.",product_recommendation,waiting_for_request
What's the difference between a Chromebook and a traditional laptop?,"Chromebooks use Chrome OS, are lightweight, and rely on web apps. Traditional laptops run various operating systems and offer a wider range of software compatibility.",product_comparison,waiting_for_request
I need a laptop for gaming and streaming. Any recommendations?,"For gaming and streaming, choose a powerful laptop with a fast CPU and a dedicated GPU. Let me suggest some gaming and streaming laptop models.",product_recommendation,product_recommendation
How can I improve the battery life of my laptop?,"To extend laptop battery life, reduce screen brightness, close background applications, and use power-saving settings. I can provide more tips for optimizing laptop battery life.",battery_life_tips,waiting_for_request
I'm interested in setting up a home theater system. Where should I start?,"To set up a home theater, begin with a high-quality TV or projector, sound system, and streaming devices. Let me suggest some home theater products.",product_recommendation,product_recommendation
What's the difference between a gaming mouse and a regular mouse?,"Gaming mice offer features like higher DPI settings, programmable buttons, and customizable lighting. Regular mice are simpler and designed for everyday use.",product_comparison,waiting_for_request
I need a laptop for scientific research and data analysis. Any recommendations?,"For scientific research and data analysis, you'll want a laptop with a fast CPU, ample RAM, and compatibility with data analysis software. Let me suggest some models suitable for researchers.",product_recommendation,product_recommendation
How can I secure my home network from cyber threats?,"To secure your home network, use a strong Wi-Fi password, update router firmware, and enable network security features. I can provide more tips for home network security.",network_security,waiting_for_request
Can you recommend a smartphone with long battery life?,"For long battery life, choose smartphones with large battery capacities and efficient processors. Let me suggest some smartphones known for extended battery life.",product_recommendation,product_recommendation
Tell me about the key factors to consider when buying a home projector,"When buying a home projector, consider factors like brightness, resolution, and connectivity options. Let me suggest some home projector models.",product_recommendation,waiting_for_request
I want to buy a mechanical keyboard. Any recommendations?,"For a mechanical keyboard, consider factors like switch type, key rollover, and customizable features. Let me suggest some mechanical keyboard models.",product_recommendation,product_recommendation
How can I protect my smartphone from physical damage and drops?,"To protect your smartphone, use a durable case and screen protector, and avoid exposing it to extreme conditions. I can provide recommendations for protective accessories.",smartphone_protection,waiting_for_request
I'm interested in setting up a home recording studio. Where should I start?,"To set up a home recording studio, begin with a quality microphone, audio interface, and recording software. Let me suggest some home studio equipment.",product_recommendation,product_recommendation
What's the difference between a gaming keyboard and a regular keyboard?,"Gaming keyboards often have mechanical switches, customizable RGB lighting, and additional macro keys. Regular keyboards are more basic and suitable for general use.",product_comparison,waiting_for_request
I need a laptop for programming and coding. Any recommendations?,"For programming and coding, choose a laptop with a good keyboard, ample RAM, and a fast CPU. Let me suggest some models suitable for programmers.",product_recommendation,product_recommendation
How can I secure my online accounts and prevent hacking?,"To secure online accounts, use strong, unique passwords, enable two-factor authentication, and be cautious of phishing attempts. I can provide more online security tips.",online_security,waiting_for_request
I want to buy a noise-canceling headphone. Any recommendations?,"For noise-canceling headphones, consider factors like sound quality, comfort, and battery life. Let me suggest some noise-canceling headphone models.",product_recommendation,product_recommendation
Tell me about the key features to consider when buying a gaming chair,"When buying a gaming chair, consider factors like ergonomic design, adjustable features, and material quality. Let me suggest some gaming chair models.",product_recommendation,waiting_for_request
I need a laptop for data science and machine learning. Any recommendations?,"For data science and machine learning, you'll want a laptop with a powerful CPU, ample RAM, and a dedicated GPU. Let me suggest some models suitable for data scientists.",product_recommendation,product_recommendation
How can I secure my email account from phishing and spam?,"To secure your email account, be cautious of suspicious emails, use spam filters, and enable two-factor authentication. I can provide more email security tips.",email_security,waiting_for_request
I want to buy a budget-friendly laptop. Any recommendations?,"For a budget-friendly laptop, consider models with good value for money, like entry-level or refurbished laptops. Let me suggest some budget-friendly laptop options.",product_recommendation,product_recommendation
Tell me about the key features to consider when buying a gaming console,"When buying a gaming console, consider factors like game library, graphics quality, and online multiplayer capabilities. Let me suggest some gaming console models.",product_recommendation,waiting_for_request
I need a laptop for online teaching and video conferencing. Any recommendations?,"For online teaching and video conferencing, choose a laptop with a good webcam, microphone, and fast internet connectivity. Let me suggest some models suitable for educators.",product_recommendation,product_recommendation
How can I protect my laptop from physical damage and accidents?,"To protect your laptop, use a durable laptop bag or sleeve, and avoid exposing it to extreme conditions. I can provide recommendations for laptop protection accessories.",laptop_protection,waiting_for_request
I'm interested in setting up a smart garden. Where should I start?,"To set up a smart garden, begin with smart watering systems and outdoor cameras. You can expand your smart garden setup as needed. Let me suggest some smart garden products.",product_recommendation,product_recommendation
What's the difference between a mirrorless camera and a DSLR camera?,"Mirrorless cameras are more compact and offer faster autofocus, while DSLR cameras have an optical viewfinder and a wider range of lenses. Choose based on your photography preferences.",product_comparison,waiting_for_request
I want to buy a gaming controller for my PC. Any recommendations?,"For gaming on PC, consider controllers with good compatibility, responsive buttons, and ergonomic design. Let me suggest some gaming controller models for PC gaming.",product_recommendation,product_recommendation
How can I optimize my Wi-Fi network for better performance?,"To optimize your Wi-Fi network, update router firmware, use 5GHz band, and reduce interference. I can guide you through the Wi-Fi optimization process.",wifi_optimization,waiting_for_request
I need a laptop for photo editing. Any recommendations?,"For photo editing, you'll want a laptop with a high-resolution display, color accuracy, and a dedicated GPU. Let me suggest some models suitable for photo editors.",product_recommendation,product_recommendation
How can I protect my gaming console from overheating?,"To prevent overheating, ensure proper ventilation, avoid blocking console vents, and use external cooling solutions if needed. I can provide more tips for gaming console care.",gaming_console_care,waiting_for_request
I'm interested in setting up a home gym. Where should I start?,"To set up a home gym, begin with essential equipment like dumbbells, a mat, and resistance bands. You can expand your home gym setup as needed. Let me suggest some home gym equipment.",product_recommendation,product_recommendation
What's the difference between a tablet and a laptop for productivity?,"Tablets are more portable and touchscreen-based, while laptops offer a physical keyboard and more processing power. Choose based on your productivity needs and preferences.",product_comparison,waiting_for_request
I want to buy a gaming keyboard. Any recommendations?,"For a gaming keyboard, consider factors like switch type, customizable RGB lighting, and anti-ghosting features. Let me suggest some gaming keyboard models.",product_recommendation,product_recommendation
How can I protect my tablet from viruses and malware?,"To protect your tablet, use reputable antivirus apps, download apps from trusted sources, and keep your tablet's operating system up to date. I can provide recommendations for tablet security.",tablet_security,waiting_for_request
I'm interested in setting up a smart pet feeding system. Where should I start?,"To set up a smart pet feeding system, begin with automatic feeders and pet monitoring cameras. You can expand your pet care setup as needed. Let me suggest some smart pet feeding products.",product_recommendation,product_recommendation
What's the difference between wired and wireless earbuds?,"Wired earbuds are physically connected to the device, while wireless earbuds offer freedom of movement and use Bluetooth for connectivity. Choose based on your preferences and needs.",product_comparison,waiting_for_request
I need a laptop for video editing and 3D modeling. Any recommendations?,"For video editing and 3D modeling, choose a high-performance laptop with a fast CPU, ample RAM, and a dedicated GPU. Let me suggest some models suitable for content creators.",product_recommendation,product_recommendation
How can I secure my smart thermostat from unauthorized access?,"To secure your smart thermostat, change default passwords, keep firmware updated, and set access restrictions. I can provide more tips for smart thermostat security.",smart_thermostat_security,waiting_for_request
I want to buy a tablet for reading e-books. Any recommendations?,"For e-book reading, choose a tablet with a high-resolution display and long battery life. Let me suggest some e-book reading tablets.",product_recommendation,product_recommendation
Tell me about the key features to consider when buying a gaming laptop,"When buying a gaming laptop, consider factors like GPU, display refresh rate, and keyboard quality. Let me suggest some gaming laptop models.",product_recommendation,waiting_for_request
I need a laptop for virtual reality (VR) gaming. Any recommendations?,"For VR gaming, choose a high-performance laptop with a powerful GPU and VR-ready specifications. Let me suggest some VR gaming laptop models.",product_recommendation,product_recommendation
How can I optimize my gaming console for better performance?,"To optimize your gaming console, update system software, use an SSD for faster load times, and optimize in-game settings. I can guide you through console optimization.",gaming_console_optimization,waiting_for_request
I'm interested in setting up a home weather station. Where should I start?,"To set up a home weather station, begin with a weather sensor and a display console. You can expand your weather monitoring setup as needed. Let me suggest some home weather station equipment.",product_recommendation,product_recommendation
What's the difference between a fitness tracker and a smartwatch?,"Fitness trackers focus on health and activity monitoring, while smartwatches offer additional features like notifications and app support. Choose based on your preferences and needs.",product_comparison,waiting_for_request
I want to buy a budget-friendly smartphone. Any recommendations?,"For a budget-friendly smartphone, consider models that offer good value for the price, like mid-range or older models. Let me suggest some budget-friendly smartphone options.",product_recommendation,product_recommendation
Tell me about the key features to consider when buying a home security camera,"When buying a home security camera, consider factors like video quality, night vision, and connectivity options. Let me suggest some home security camera models.",product_recommendation,waiting_for_request
I need a laptop for audio recording and music production. Any recommendations?,"For audio recording and music production, choose a laptop with a high-quality audio interface, ample storage, and processing power. Let me suggest some models suitable for music producers.",product_recommendation,product_recommendation
How can I secure my smart doorbell from unauthorized access?,"To secure your smart doorbell, use a strong Wi-Fi password, enable two-factor authentication, and update firmware regularly. I can provide more tips for smart doorbell security.",smart_doorbell_security,waiting_for_request
I want to buy a portable charger for my devices. Any recommendations?,"For a portable charger, consider factors like capacity, port compatibility, and quick charging support. Let me suggest some portable charger models.",product_recommendation,product_recommendation
What's the difference between a 2-in-1 laptop and a traditional laptop?,"2-in-1 laptops offer convertible designs with touchscreen displays, while traditional laptops have a fixed keyboard. 2-in-1s are versatile for both laptop and tablet use.",product_comparison,waiting_for_request
I'm interested in home theater systems,"Home theater systems provide an immersive audio-visual experience. What's your budget, and do you have any specific preferences?",waiting_for_request,product_recommendation
Can you recommend a laptop for 3D modeling and rendering?,"For 3D modeling and rendering, you'll need a powerful laptop with a dedicated GPU. Let me suggest some models.",product_recommendation,product_recommendation
Tell me about the best practices for laptop battery care,"To maximize laptop battery lifespan, avoid overcharging, and keep the battery level between 20% and 80%. Also, store it in a cool, dry place.",battery_care,waiting_for_request
I want to buy a smartwatch. What features should I consider?,"When buying a smartwatch, consider factors like compatibility with your smartphone, battery life, fitness tracking capabilities, and design preferences.",product_recommendation,waiting_for_request
How can I improve Wi-Fi signal strength at home?,"To improve Wi-Fi signal strength, place your router in a central location, reduce interference from other devices, and consider a Wi-Fi extender or mesh system.",network_setup,waiting_for_request
Tell me about the advantages of solid-state drives (SSDs) over traditional hard drives (HDDs),"SSDs are faster, more durable, and power-efficient compared to HDDs. They offer quicker boot times and improved overall performance.",product_comparison,waiting_for_request
I need a smartphone for outdoor adventures. Any recommendations?,"For outdoor adventures, consider a rugged smartphone with water resistance and durability. Let me recommend some models.",product_recommendation,product_recommendation
What's the process for factory resetting a device?,"To factory reset a device, go to settings, find the reset option, and follow the on-screen instructions. This erases all data, so back up first.",device_reset,waiting_for_request
Can you recommend a laptop for video streaming and entertainment?,"For video streaming and entertainment, you'll want a laptop with a high-resolution display and excellent audio. Let me suggest some models.",product_recommendation,product_recommendation
What's the difference between Bluetooth and Wi-Fi speakers?,Bluetooth speakers are portable and suitable for short-range connections. Wi-Fi speakers offer better coverage and multi-room audio capabilities.,product_comparison,waiting_for_request
I'm looking for a tablet for gaming. Any suggestions?,"For gaming, you'll want a tablet with a high refresh rate and a powerful GPU. Let me recommend some gaming tablets.",product_recommendation,product_recommendation
Tell me about the most secure password practices,"Secure passwords are long, unique, and include a mix of characters. Use a password manager to keep track of them and enable two-factor authentication.",security_best_practices,waiting_for_request
I want to buy a digital camera. What should I consider?,"When buying a digital camera, consider factors like sensor size, zoom capabilities, manual controls, and the type of photography you enjoy.",product_recommendation,waiting_for_request
How do I connect and configure a printer for wireless printing?,"To configure a wireless printer, connect it to your Wi-Fi network and install the printer drivers on your computer or mobile device.",network_setup,waiting_for_request
Tell me about the different types of headphones available,"Headphone types include over-ear, on-ear, in-ear, and true wireless. Choose based on comfort, portability, and audio preferences.",product_recommendation,waiting_for_request
I need a laptop for photo editing. Any recommendations?,"For photo editing, you'll want a laptop with a high-resolution display and color accuracy. Let me suggest some models.",product_recommendation,product_recommendation
What are the key features to consider when buying a home security camera?,"When buying a home security camera, consider features like resolution, night vision, motion detection, and remote monitoring capabilities.",product_recommendation,waiting_for_request
Can you recommend a smartphone with long battery life?,"For long battery life, consider a smartphone with a large battery capacity and energy-efficient hardware. Let me suggest some models.",product_recommendation,product_recommendation
Tell me about the benefits of 8K TVs over 4K TVs,"8K TVs offer four times the resolution of 4K TVs, providing incredibly sharp and detailed images. They are ideal for large screens.",product_comparison,waiting_for_request
I need a laptop for business travel. Any recommendations?,"For business travel, you'll want a lightweight and portable laptop with good battery life. Let me suggest some travel-friendly models.",product_recommendation,product_recommendation
How can I protect my smartphone from malware and viruses?,"To protect your smartphone, use a reputable antivirus app, avoid downloading from unknown sources, and keep your software up to date.",security_best_practices,waiting_for_request
I'm interested in smart home lighting. What should I consider?,"When setting up smart home lighting, consider compatibility with your smart home ecosystem, control options, and energy efficiency.",product_recommendation,waiting_for_request
Tell me about the pros and cons of curved vs. flat-screen TVs,"Curved TVs provide a more immersive viewing experience, while flat-screen TVs offer wider viewing angles. Choose based on your preference.",product_comparison,waiting_for_request
I need a laptop for online classes. Any recommendations?,"For online classes, you'll want a laptop with a good webcam, microphone, and reliable connectivity. Let me suggest some models suitable for students.",product_recommendation,product_recommendation
How can I maximize the storage on my smartphone?,"To maximize smartphone storage, delete unused apps and files, use cloud storage services, and transfer media to external storage when possible.",storage_management,waiting_for_request
I'm looking for a tablet for reading e-books and PDFs. Any suggestions?,"For reading e-books and PDFs, you'll want a tablet with a high-resolution display and good battery life. Let me recommend some models.",product_recommendation,product_recommendation
Tell me about the differences between Mac and Windows laptops,"Mac laptops use macOS and are known for sleek design, while Windows laptops offer a wider range of hardware options and software compatibility.",product_comparison,waiting_for_request
I need a laptop for video editing. Any recommendations?,"For video editing, you'll want a powerful laptop with a high-resolution display and a dedicated GPU. Let me suggest some models.",product_recommendation,product_recommendation
How can I enhance the security of my home Wi-Fi network?,"To enhance Wi-Fi security, change the default router password, enable WPA3 encryption, and regularly update router firmware.",network_security,waiting_for_request
Can you recommend a smartphone with a great camera for photography?,"For photography, you'll want a smartphone with advanced camera features and image quality. Let me suggest some models for photography enthusiasts.",product_recommendation,product_recommendation
Tell me about the key factors to consider when buying a gaming monitor,"When buying a gaming monitor, consider factors like refresh rate, response time, resolution, and panel type. These impact gaming performance.",product_recommendation,waiting_for_request
I'm interested in VR headsets. What options are available?,"VR headsets come in various categories, including PC VR, standalone, and mobile VR. It depends on your gaming and VR experiences preferences.",product_recommendation,waiting_for_request
How can I make my laptop run faster?,"To make your laptop run faster, you can upgrade the RAM, replace the hard drive with an SSD, and optimize startup programs.",performance_optimization,waiting_for_request
I want to buy a fitness tracker. What features should I look for?,"When buying a fitness tracker, consider features like heart rate monitoring, step tracking, GPS, and compatibility with fitness apps.",product_recommendation,waiting_for_request
Tell me about the best practices for extending smartphone battery life,"To extend smartphone battery life, reduce screen brightness, close background apps, and enable power-saving mode when not in use.",battery_life_tips,waiting_for_request
I need a tablet for educational purposes. Any recommendations?,"For education, you'll want a tablet with educational apps and parental controls. Let me suggest some models suitable for students.",product_recommendation,product_recommendation
What's the difference between OLED and QLED TVs?,"OLED TVs have self-illuminating pixels for true black levels, while QLED TVs use quantum dot technology for brighter colors. Choose based on your preferences.",product_comparison,waiting_for_request
I'm looking for a laptop for coding and programming. Any recommendations?,"For coding and programming, you'll want a laptop with a comfortable keyboard, ample RAM, and a fast processor. Let me suggest some models.",product_recommendation,product_recommendation
How can I secure my laptop from theft and unauthorized access?,"To secure your laptop, use a strong password, enable full-disk encryption, and consider using a cable lock for physical security.",laptop_security,waiting_for_request
I want to buy a wireless mouse. Any recommendations?,"For a wireless mouse, consider factors like ergonomics, sensor type, and battery life. Let me suggest some wireless mouse models.",product_recommendation,product_recommendation
Tell me about the features of the latest gaming consoles,"The latest gaming consoles offer high-quality graphics, fast loading times, and a vast library of games. Let me provide more details on available models.",product_recommendation,waiting_for_request
How can I prevent overheating on my gaming laptop?,"To prevent overheating, use a cooling pad, clean the laptop's vents, and manage in-game graphics settings. This helps maintain optimal performance.",laptop_cooling,waiting_for_request
I'm interested in home automation. Where should I start?,"To start with home automation, begin with smart lighting or a smart speaker. You can gradually expand your smart home ecosystem from there.",product_recommendation,waiting_for_request
What's the difference between e-readers and tablets for reading books?,E-readers are specialized for book reading and offer e-ink displays. Tablets are more versatile but have LCD or OLED screens.,product_comparison,waiting_for_request
I need a laptop for music production. Any recommendations?,"For music production, you'll want a laptop with a fast CPU, ample RAM, and audio production software compatibility. Let me suggest some models.",product_recommendation,product_recommendation
How can I improve the security of my email accounts?,"To improve email security, use strong passwords, enable two-factor authentication, and be cautious of phishing emails. It's essential to keep your email safe.",email_security,waiting_for_request
I want to buy a gaming keyboard. Any recommendations?,"For a gaming keyboard, consider features like mechanical switches, customizable RGB lighting, and macro keys. Let me suggest some gaming keyboard models.",product_recommendation,product_recommendation
Tell me about the advantages of 2-in-1 laptops with touchscreens,2-in-1 laptops with touchscreens offer versatility for both laptop and tablet use. They are ideal for tasks like drawing and note-taking.,product_comparison,waiting_for_request
I need a tablet for graphic design. Any recommendations?,"For graphic design, you'll want a tablet with a stylus and high-resolution display. Let me suggest some models suitable for graphic designers.",product_recommendation,product_recommendation
How do I clean and disinfect my smartphone and other devices?,"To clean and disinfect your devices, use a soft cloth, isopropyl alcohol, and avoid harsh chemicals that may damage the screen or casing.",device_cleaning,waiting_for_request
I'm interested in portable chargers for my devices. What features should I consider?,"When buying a portable charger, consider factors like capacity, portability, and compatibility with your devices. Let me suggest some portable charger models.",product_recommendation,product_recommendation
"Hi, I'm new here",Welcome! We're here to assist you. How can we help you today?,start,waiting_for_request
I'm not sure what I need,No problem! We can help you find the right product based on your preferences. What are you looking for?,waiting_for_request,product_recommendation
Tell me about the latest laptop deals,We have some exciting laptop deals right now. Let me give you the details.,waiting_for_request,special_offers
I'm interested in a 2-in-1 laptop,2-in-1 laptops combine the versatility of a tablet with the functionality of a laptop. They're great for flexibility and creativity.,product_recommendation,waiting_for_request
What's the difference between a tablet and a 2-in-1 laptop?,"Tablets are primarily touch-based devices, while 2-in-1 laptops offer a combination of touch and traditional laptop features, including a keyboard.",product_comparison,waiting_for_request
Do you offer any educational discounts for students?,"Yes, we have special discounts for students. Please provide your student ID for verification.",waiting_for_request,student_discount
Tell me about the battery life of the latest iPad,"The latest iPad offers up to 10 hours of battery life on a single charge, making it ideal for various tasks.",product_recommendation,waiting_for_request
What's the return policy for accessories?,"Accessories can be returned within 14 days of purchase, provided they are in their original condition and packaging.",return_policy,waiting_for_request
I need help setting up my new device,We're here to assist you with device setup. Please let us know the device and any specific questions you have.,waiting_for_request,device_setup
Can you recommend a tablet for digital art?,"For digital art, you'll want a tablet with a high-resolution display and support for stylus input. Let me suggest some models.",product_recommendation,product_recommendation
How do I return a product bought from your physical store?,"To return a product purchased in-store, please visit the store where you made the purchase and follow their return process.",return_policy,waiting_for_request
Do you have any accessories for outdoor enthusiasts?,"Yes, we have a range of accessories for outdoor activities, including rugged cases and portable chargers.",product_recommendation,waiting_for_request
What are the payment options for online orders?,"You can pay for online orders with credit cards, PayPal, or choose our financing option for easy monthly payments.",payment_methods,waiting_for_request
Tell me about the benefits of using your mobile app,"Our mobile app provides a convenient way to shop, track orders, and receive exclusive app-only offers and discounts.",waiting_for_request,mobile_app
How do I return a defective product under warranty?,"For warranty claims, please contact our customer support team. They will guide you through the warranty claim process.",return_policy,waiting_for_request
Can you recommend a gaming mouse for competitive gaming?,"For competitive gaming, you'll want a high-precision gaming mouse with customizable settings. Let me recommend a few options.",product_recommendation,product_recommendation
Tell me about the different operating systems available,"The major operating systems are Windows, macOS, and Linux. They have different features and use cases. Which one are you interested in?",waiting_for_request,operating_systems
I have a technical issue with my device,"I'm sorry to hear that. Please describe the issue, and we'll do our best to assist you in resolving it.",waiting_for_request,technical_support
What's the difference between a laser and an inkjet printer?,"Laser printers use toner and are known for fast, high-quality text printing. Inkjet printers use ink and are versatile for color printing.",product_comparison,waiting_for_request
Can you recommend a printer for a small office?,"For a small office, you'll want a reliable printer with network capabilities. Let me suggest some models.",product_recommendation,product_recommendation
Tell me about the features of your smart home devices,"Our smart home devices offer automation and control for lighting, security, and more. They can be controlled through your smartphone.",product_recommendation,waiting_for_request
How do I check for available software updates on my smartphone?,You can check for software updates in the device settings. Keeping your software up to date ensures security and performance improvements.,software_updates,waiting_for_request
Can you recommend a laptop for graphic design?,"For graphic design, you'll need a laptop with a high-resolution display and a dedicated graphics card. Let me suggest some models.",product_recommendation,product_recommendation
What's the difference between 4K and 1080p displays?,"4K displays have a higher resolution than 1080p displays, offering sharper and more detailed visuals. They're great for multimedia and gaming.",product_comparison,waiting_for_request
Tell me about the security features of your smartphones,"Our smartphones have advanced security features, including facial recognition and fingerprint sensors to protect your data.",product_recommendation,waiting_for_request
Do you offer device trade-ins for store credit?,"Yes, we have a trade-in program. You can trade in your old device for credit toward a new purchase.",waiting_for_request,trade_in_program
How do I enable two-factor authentication on my account?,You can enable two-factor authentication in your account settings. It adds an extra layer of security to your account.,waiting_for_request,account_security
Can you recommend a laptop for data analysis and programming?,"For data analysis and programming, you'll want a laptop with a fast processor and ample RAM. Let me suggest some models.",product_recommendation,product_recommendation
Tell me about the available screen sizes for laptops,Laptop screen sizes range from compact 11-inch displays to larger 17-inch displays. Your choice depends on your preferences and usage.,product_recommendation,waiting_for_request
What's the typical lifespan of a smartphone battery?,The lifespan of a smartphone battery varies but is generally around 2-3 years with regular use. Battery health can be preserved with proper care.,product_lifespan,waiting_for_request
Can you recommend a budget-friendly tablet?,"Certainly, we have budget-friendly tablets with good performance and features. Let me suggest a few options.",product_recommendation,product_recommendation
Tell me about the different camera options in smartphones,"Smartphones offer various camera options, including wide-angle, telephoto, and ultra-wide lenses. It depends on your photography needs.",product_recommendation,waiting_for_request
How do I clean and maintain my laptop?,"To clean your laptop, use a soft, lint-free cloth and a small amount of isopropyl alcohol. Regularly update and protect it from dust.",maintenance,waiting_for_request
What are the security features of your smart home devices?,Our smart home devices include encryption and secure connections to protect your home network and data from unauthorized access.,product_recommendation,waiting_for_request
Can you recommend a smartphone for photography enthusiasts?,"For photography enthusiasts, a smartphone with a high-quality camera, manual controls, and image stabilization is ideal. Let me suggest some models.",product_recommendation,product_recommendation
Tell me about the steps to upgrade my operating system,"To upgrade your operating system, visit your device's settings and check for available updates. Follow the on-screen instructions to complete the upgrade.",operating_systems,waiting_for_request
What's the warranty coverage for accidental damage on smartphones?,Accidental damage coverage is available as an optional add-on to our standard warranty. It provides protection in case of accidents.,warranty_info,waiting_for_request
Can I extend the warranty for my laptop after purchase?,"Yes, you can extend the warranty for your laptop by purchasing an extended warranty plan. It offers additional coverage beyond the standard warranty.",warranty_info,waiting_for_request
Tell me about the software included with your laptops,"Our laptops come with essential software, including an operating system, antivirus, and productivity tools. Let me provide more details.",product_recommendation,software_included
How can I create a backup of my data on my device?,You can create a backup of your data using built-in backup features or third-party backup software. We recommend regular backups for data safety.,data_backup,waiting_for_request
What are the recycling options for old devices?,We have recycling programs to responsibly dispose of old devices. You can drop off your old devices at our store or request a recycling kit.,recycling_program,waiting_for_request
Can I get technical support for software issues?,"Yes, we offer technical support for both hardware and software issues. Our support team can assist you in resolving software-related problems.",technical_support,waiting_for_request
Tell me about the processor options for laptops,"Laptops come with various processor options, including Intel Core and AMD Ryzen processors. The choice depends on your performance needs.",product_recommendation,waiting_for_request
Can you recommend a tablet for note-taking and productivity?,"For note-taking and productivity, you'll want a tablet with stylus support and productivity apps. Let me suggest some models.",product_recommendation,product_recommendation
What's the difference between 5G and 4G in smartphones?,"5G offers faster data speeds and lower latency compared to 4G, making it ideal for high-speed internet and new applications.",product_comparison,waiting_for_request
Tell me about the display technologies used in TVs,"TVs use various display technologies, including LED, OLED, and QLED. Each has unique advantages in terms of picture quality and energy efficiency.",product_recommendation,waiting_for_request
Can you recommend a smart TV for streaming?,"For streaming, you'll want a smart TV with built-in streaming apps and high-resolution display. Let me suggest some models.",product_recommendation,product_recommendation
What's the process for setting up a home network?,"To set up a home network, you'll need a router. Connect it to your modem, configure network settings, and connect your devices to the network.",network_setup,waiting_for_request
Do you offer on-site repair services for laptops?,"Yes, we offer on-site repair services for laptops. Our technicians can visit your location to diagnose and repair issues.",technical_support,waiting_for_request
Can you recommend a laptop for video conferencing?,"For video conferencing, a laptop with a high-quality webcam and microphone is essential. Let me suggest some models.",product_recommendation,product_recommendation
Tell me about the benefits of using a VPN on my device,Using a VPN enhances your online privacy and security by encrypting your internet connection. It also allows you to access geo-restricted content.,security_features,waiting_for_request
What's the difference between LED and OLED TVs?,"LED TVs use a backlight, while OLED TVs have self-illuminating pixels. OLED offers better contrast and color accuracy.",product_comparison,waiting_for_request
Can you recommend a laptop for business use?,"For business use, you'll want a reliable laptop with security features and business software compatibility. Let me suggest some models.",product_recommendation,product_recommendation
What's the process for setting up a wireless printer?,"To set up a wireless printer, connect it to your Wi-Fi network and install the printer drivers on your computer or mobile device.",network_setup,waiting_for_request
Do you offer data recovery services for damaged devices?,"Yes, we offer data recovery services to retrieve data from damaged devices. Our experts can help recover your important files.",technical_support,waiting_for_request
Can you recommend a tablet for e-book reading?,"For e-book reading, you'll want a tablet with a high-resolution display and a good e-reader app. Let me suggest some models.",product_recommendation,product_recommendation
Tell me about the latest trends in home automation,"The latest trends in home automation include voice-controlled devices, energy-efficient solutions, and enhanced security features for smart homes.",product_recommendation,waiting_for_request
Can you recommend a laptop for audio production?,"For audio production, you'll need a laptop with a powerful CPU and high-quality audio interfaces. Let me suggest some models.",product_recommendation,product_recommendation
Hi,Hello! How can I assist you today?,start,waiting_for_request
I want to buy a laptop,"Sure, what are your requirements?",waiting_for_request,product_recommendation
I'm looking for a gaming laptop,Great choice! Gaming laptops are known for their high-performance graphics and fast processors.,product_recommendation,waiting_for_request
Tell me about the MacBook Air,The MacBook Air is an ultra-thin laptop with a Retina display and Apple's M1 chip. It's priced at $999 and is currently in stock.,waiting_for_request,product_recommendation
I need a laptop for gaming,I recommend our gaming laptops. They have high-end graphics cards and fast processors.,product_recommendation,product_recommendation
What is the price?,The price starts from $1000. Would you like to place an order?,product_recommendation,order_placement
"Yes, I want to place an order",Great! I have placed your order. You will receive a confirmation email shortly.,order_placement,order_confirmation
Where is my order?,Your order is being processed. You can expect delivery in 3-5 business days.,order_confirmation,order_tracking
Tell me about your return policy,"We have a 30-day return policy. If you are not satisfied with your purchase, you can return it within 30 days.",order_tracking,return_policy
I want to return my order,I'm sorry to hear that. I will initiate the return process.,return_policy,return_initiated
Thank you,"You're welcome! If you have any other questions, feel free to ask.",return_initiated,waiting_for_request
Do you sell mobile phones?,"Yes, we have a wide range of mobile phones. What are you looking for?",waiting_for_request,product_recommendation
I need a phone with a good camera,I recommend our latest smartphones. They have high-resolution cameras.,product_recommendation,product_recommendation
How much does it cost?,The price starts from $500. Would you like to place an order?,product_recommendation,order_placement
"Yes, please place my order",Great! I have placed your order. You will receive a confirmation email shortly.,order_placement,order_confirmation
When will my order arrive?,Your order is being processed. You can expect delivery in 3-5 business days.,order_confirmation,order_tracking
Thanks for your help!,"You're welcome! If you have any other questions, feel free to ask.",order_tracking,waiting_for_request
Can I pay with a credit card?,"Yes, we accept all major credit cards, including Visa, Mastercard, and American Express.",waiting_for_request,payment_methods
Tell me about your warranty options,We offer a 1-year manufacturer's warranty on all our products. You can also purchase extended warranties for added protection.,waiting_for_request,warranty_info
What's the difference between an SSD and an HDD?,An SSD (Solid State Drive) is faster and more durable than an HDD (Hard Disk Drive). SSDs are a great choice for speed and reliability.,waiting_for_request,product_comparison
Do you offer student discounts?,"Yes, we have special discounts for students. Please provide your student ID for verification.",waiting_for_request,student_discount
Tell me about the battery life of the MacBook Pro,"The MacBook Pro offers up to 10 hours of battery life on a single charge, making it ideal for on-the-go productivity.",product_recommendation,waiting_for_request
What's the difference between Windows and macOS?,"Windows is known for its compatibility with a wide range of software, while macOS offers a seamless user experience and is great for creative tasks.",product_recommendation,waiting_for_request
Tell me about the payment options,"You can pay with credit cards, PayPal, or choose our financing option for easy monthly payments.",payment_methods,waiting_for_request
How much is the extended warranty?,The price of an extended warranty depends on the product and coverage duration. Would you like more details?,warranty_info,waiting_for_request
What are the benefits of an extended warranty?,"An extended warranty provides extended coverage, including repairs and replacements for a longer period. It offers peace of mind and protection for your purchase.",warranty_info,waiting_for_request
Which laptop has the best battery life?,"Our ultrabook models have the best battery life, with up to 15 hours on a single charge.",product_comparison,waiting_for_request
How do I apply for a student discount?,"To apply for a student discount, please upload a scan of your valid student ID on our website. We will verify your eligibility.",student_discount,waiting_for_request
Can you recommend a laptop for programming?,A laptop with a fast processor and ample RAM is ideal for programming. I can recommend a few models.,product_recommendation,product_recommendation
Do you have any special offers or promotions?,"Yes, we have ongoing promotions on selected products. Check our website for the latest deals and discounts.",waiting_for_request,special_offers
Tell me more about the financing option,Our financing option allows you to pay for your purchase in manageable monthly installments. It's a great way to spread out the cost.,payment_methods,waiting_for_request
What is the return process like?,The return process is simple. Just visit our website and initiate a return request. We'll guide you through the steps.,return_policy,waiting_for_request
What's the difference between an Intel and AMD processor?,Intel processors are known for their performance and power efficiency. AMD processors offer great value for budget-conscious consumers.,product_comparison,waiting_for_request
Can you recommend a laptop for video editing?,"For video editing, you'll need a laptop with a powerful CPU and a dedicated graphics card. I can suggest some models that fit the bill.",product_recommendation,product_recommendation
What's the delivery time for express shipping?,"Express shipping typically delivers within 1-2 business days, depending on your location.",order_confirmation,waiting_for_request
Do you offer trade-in options for old devices?,"Yes, we have a trade-in program. You can trade in your old device for credit toward a new purchase.",waiting_for_request,trade_in_program
Tell me about the customer reviews for the MacBook Pro,Our customers love the MacBook Pro for its performance and build quality. It has received excellent reviews for its reliability.,product_recommendation,waiting_for_request
How can I track my order status?,You can track your order status by logging into your account on our website. We provide real-time updates on your order's progress.,order_tracking,waiting_for_request
Can I customize the configuration of a laptop?,"Yes, you can customize certain laptop models by selecting your preferred specifications, such as RAM, storage, and graphics card.",product_recommendation,customization_options
Tell me about the trade-in values for old smartphones,"The trade-in value depends on the make, model, and condition of your old smartphone. Please provide details for an estimate.",trade_in_program,waiting_for_request
What's the return shipping cost for a product return?,We offer free return shipping for product returns within the 30-day window. You won't incur any additional costs.,return_policy,waiting_for_request
Can I schedule a product demo in a nearby store?,"Yes, you can schedule a product demo in our nearest store. We'll be happy to showcase our products to you.",waiting_for_request,product_demo_scheduling
How do I transfer my data to a new device?,"You can transfer your data using our data migration tool, or our customer support team can assist you with the process.",waiting_for_request,data_transfer
Tell me about the software bundle with laptops,"We offer a bundle of productivity software with our laptops, including antivirus and office applications.",product_recommendation,waiting_for_request
What's the warranty coverage for accidental damage?,Accidental damage coverage is available as an optional add-on to our standard warranty. It provides protection in case of accidents.,warranty_info,waiting_for_request
Can I upgrade the RAM in my laptop later?,"The upgradability of RAM depends on the laptop model. Some models allow RAM upgrades, while others have soldered RAM.",customization_options,waiting_for_request
Tell me about your customer support hours,Our customer support is available 24/7 to assist you with any questions or issues you may have.,waiting_for_request,customer_support
How can I reach your customer support team?,"You can reach our customer support team by phone, email, or through our live chat on the website. We're here to help you.",customer_support,waiting_for_request
Do you offer technical support for your products?,"Yes, we provide technical support to help you with any technical issues you may encounter with our products.",customer_support,waiting_for_request
Tell me about the accessories available for laptops,"We have a wide range of accessories, including laptop bags, mice, and docking stations to enhance your laptop usage.",product_recommendation,waiting_for_request
Can I return a product without the original packaging?,"While it's preferable to have the original packaging, we can process returns without it. Please ensure the product is in good condition.",return_policy,waiting_for_request
How do I check for software updates on my device?,You can check for software updates in the device settings. We recommend keeping your device up to date for security and performance improvements.,waiting_for_request,software_updates
Tell me about the performance of the latest smartphones,"Our latest smartphones offer top-tier performance with fast processors and high-resolution displays, perfect for multitasking and gaming.",product_recommendation,waiting_for_request
Do you have any refurbished products for sale?,"Yes, we offer certified refurbished products that are rigorously tested and come with a warranty for peace of mind.",waiting_for_request,refurbished_products
What's the average lifespan of your products?,"The average lifespan varies by product, but we design our products to be reliable and durable, offering years of use.",waiting_for_request,product_lifespan
